date,open,high,low,close,volume,average,barCount
2024-05-24 00:00:00,3.64,3.66,3.58,3.61,1234,3.60883,521
2024-05-28 00:00:00,3.73,3.73,3.61,3.67,2284,3.64971,699
2024-05-29 00:00:00,3.6,3.62,3.54,3.56,2256,3.57331,1037
2024-05-30 00:00:00,3.55,3.62,3.5,3.52,2869,3.52719,1308
2024-05-31 00:00:00,3.54,3.58,3.44,3.48,2856,3.48368,988
2024-06-03 00:00:00,3.55,3.56,3.46,3.5,1952,3.49577,698
2024-06-04 00:00:00,3.48,3.49,3.36,3.38,2166,3.39795,631
2024-06-05 00:00:00,3.37,3.45,3.33,3.44,1459,3.40561,526
2024-06-06 00:00:00,3.43,3.51,3.41,3.5,2318,3.46924,997
2024-06-07 00:00:00,3.4,3.4,3.18,3.2,5537,3.24207,1942
2024-06-10 00:00:00,3.23,3.25,3.17,3.25,1655,3.22054,532
2024-06-11 00:00:00,3.25,3.35,3.2,3.33,3311,3.26329,1379
2024-06-12 00:00:00,3.41,3.45,3.29,3.32,1892,3.33911,831
2024-06-13 00:00:00,3.3,3.3,3.16,3.19,2466,3.20546,835
2024-06-14 00:00:00,3.19,3.2,3.08,3.14,3164,3.1315,1130
2024-06-17 00:00:00,3.1,3.23,3.1,3.16,2592,3.18041,1244
2024-06-18 00:00:00,3.2,3.22,3.1,3.14,1858,3.14512,612
2024-06-20 00:00:00,3.15,3.15,3.07,3.15,3163,3.11741,1034
2024-06-21 00:00:00,3.15,3.15,3.03,3.09,3489,3.06553,1251
2024-06-24 00:00:00,3.13,3.16,2.98,3.0,4055,3.06937,1397
2024-06-25 00:00:00,2.99,2.99,2.79,2.82,5667,2.87142,1718
2024-06-26 00:00:00,2.77,2.92,2.77,2.92,2027,2.86817,669
2024-06-27 00:00:00,2.93,2.97,2.86,2.89,1592,2.90351,673
2024-06-28 00:00:00,2.88,2.89,2.8,2.83,1922,2.8292,744
2024-07-01 00:00:00,2.86,2.89,2.77,2.82,1722,2.81278,378
2024-07-02 00:00:00,2.83,2.86,2.68,2.75,2481,2.7483,919
2024-07-03 00:00:00,2.76,2.87,2.71,2.74,4126,2.79499,1598
2024-07-05 00:00:00,2.79,2.94,2.78,2.9,5650,2.88173,2170
2024-07-08 00:00:00,2.88,2.92,2.71,2.8,6158,2.78648,2333
2024-07-09 00:00:00,2.79,2.8,2.72,2.76,3555,2.74636,1419
2024-07-10 00:00:00,2.78,3.08,2.78,3.04,6253,2.95779,2126
2024-07-11 00:00:00,3.15,3.24,3.0,3.13,8215,3.11702,2322
2024-07-12 00:00:00,3.14,3.32,3.08,3.27,5169,3.22139,1771
2024-07-15 00:00:00,3.31,3.65,3.26,3.47,11151,3.52687,4153
2024-07-16 00:00:00,3.5,3.57,3.44,3.46,4220,3.4997,1568
2024-07-17 00:00:00,3.43,3.43,3.2,3.2,7870,3.28259,2200
2024-07-18 00:00:00,3.24,3.24,2.93,3.0,8560,3.03148,3447
2024-07-19 00:00:00,2.95,2.95,2.78,2.85,11275,2.84039,4641
2024-07-22 00:00:00,2.85,2.86,2.78,2.86,5919,2.81949,2409
2024-07-23 00:00:00,2.86,2.86,2.73,2.77,6250,2.76676,2548
2024-07-24 00:00:00,2.77,2.84,2.72,2.74,4811,2.76715,1395
2024-07-25 00:00:00,2.7,2.72,2.62,2.66,7857,2.66373,2317
2024-07-26 00:00:00,2.7,2.72,2.63,2.68,4187,2.66849,1552
2024-07-29 00:00:00,2.65,2.68,2.59,2.62,2800,2.62586,913
2024-07-30 00:00:00,2.63,2.7,2.6,2.67,3019,2.65016,1022
2024-07-31 00:00:00,2.74,2.76,2.67,2.72,5385,2.7172,2014
2024-08-01 00:00:00,2.75,2.76,2.58,2.66,4019,2.63214,1358
2024-08-02 00:00:00,2.66,2.7,2.5,2.53,7557,2.56748,1879
2024-08-05 00:00:00,2.34,2.47,2.27,2.41,4816,2.38763,1502
2024-08-06 00:00:00,2.4,2.53,2.4,2.43,3020,2.46631,1107
2024-08-07 00:00:00,2.48,2.54,2.33,2.39,3694,2.40495,1270
2024-08-08 00:00:00,2.42,2.49,2.36,2.45,3464,2.45305,1410
2024-08-09 00:00:00,2.49,2.49,2.37,2.4,3300,2.40385,931
2024-08-12 00:00:00,2.42,2.61,2.4,2.59,10601,2.52979,4109
2024-08-13 00:00:00,2.64,2.71,2.59,2.66,3531,2.66328,1248
2024-08-14 00:00:00,2.69,2.69,2.52,2.54,4288,2.564,1473
2024-08-15 00:00:00,2.55,2.59,2.47,2.59,3537,2.52043,1216
2024-08-16 00:00:00,2.64,2.79,2.59,2.77,6744,2.70809,1820
2024-08-19 00:00:00,2.73,3.06,2.7,2.99,9720,2.92597,2923
2024-08-20 00:00:00,3.19,3.19,2.93,2.99,5597,3.02148,1662
2024-08-21 00:00:00,2.98,3.1,2.89,3.07,4110,2.9898,1198
2024-08-22 00:00:00,2.98,3.07,2.86,2.93,5708,2.91189,1766
2024-08-23 00:00:00,2.94,3.07,2.91,2.99,3808,3.015,1226
2024-08-26 00:00:00,3.01,3.02,2.85,2.93,3573,2.90943,1268
2024-08-27 00:00:00,2.85,2.87,2.74,2.78,5366,2.78395,1402
2024-08-28 00:00:00,2.73,2.75,2.64,2.69,4213,2.70102,1584
2024-08-29 00:00:00,2.73,2.8,2.72,2.73,2275,2.75567,974
2024-08-30 00:00:00,2.72,2.75,2.62,2.68,3030,2.6588,1014
2024-09-03 00:00:00,2.66,2.66,2.51,2.57,3097,2.55913,1041
2024-09-04 00:00:00,2.53,2.6,2.51,2.57,1648,2.56294,572
2024-09-05 00:00:00,2.6,2.6,2.54,2.59,2587,2.57822,752
2024-09-06 00:00:00,2.6,2.6,2.43,2.47,3299,2.47853,1162
2024-09-09 00:00:00,2.5,2.5,2.4,2.43,3347,2.42235,1156
2024-09-10 00:00:00,2.44,2.58,2.41,2.55,1920,2.49651,697
2024-09-11 00:00:00,2.51,2.62,2.5,2.59,3386,2.57204,875
2024-09-12 00:00:00,2.6,2.74,2.6,2.68,6875,2.66865,2001
2024-09-13 00:00:00,2.73,2.86,2.73,2.83,4389,2.81632,1101
2024-09-16 00:00:00,2.82,2.84,2.74,2.76,2481,2.77876,699
2024-09-17 00:00:00,2.73,2.78,2.68,2.75,3929,2.72394,1182
2024-09-18 00:00:00,2.78,2.89,2.67,2.67,6392,2.75162,1966
2024-09-19 00:00:00,2.75,2.76,2.41,2.56,17395,2.55076,5576
2024-09-20 00:00:00,2.56,2.67,2.51,2.59,9828,2.58083,2635
2024-09-23 00:00:00,2.57,2.66,2.53,2.53,6150,2.59055,1651
2024-09-24 00:00:00,2.53,2.82,2.52,2.77,8637,2.72139,2685
2024-09-25 00:00:00,2.8,2.83,2.67,2.7,5319,2.74328,1928
2024-09-26 00:00:00,2.75,2.8,2.72,2.77,3835,2.76325,1446
2024-09-27 00:00:00,2.78,2.78,2.58,2.6,6474,2.64693,2016
2024-09-30 00:00:00,2.6,2.61,2.5,2.53,4471,2.54184,1128
2024-10-01 00:00:00,2.59,2.65,2.55,2.64,5341,2.59902,1927
2024-10-02 00:00:00,2.64,2.67,2.55,2.56,2701,2.59014,1056
2024-10-03 00:00:00,2.55,2.69,2.48,2.58,7144,2.56681,1868
2024-10-04 00:00:00,2.59,2.61,2.48,2.51,4774,2.53643,1225
2024-10-07 00:00:00,2.5,2.5,2.42,2.45,2723,2.45167,697
2024-10-08 00:00:00,2.44,2.45,2.38,2.4,2227,2.39831,638
2024-10-09 00:00:00,2.38,2.39,2.33,2.36,1640,2.36324,541
2024-10-10 00:00:00,2.35,2.45,2.35,2.42,3940,2.4172,1280
2024-10-11 00:00:00,2.43,2.47,2.41,2.41,3579,2.43796,900
2024-10-14 00:00:00,2.44,2.46,2.4,2.44,2077,2.43452,591
2024-10-15 00:00:00,2.44,2.49,2.42,2.49,2620,2.47095,847
2024-10-16 00:00:00,2.5,2.56,2.46,2.5,3320,2.49885,980
2024-10-17 00:00:00,2.51,2.67,2.44,2.61,6591,2.60406,1882
2024-10-18 00:00:00,2.66,2.79,2.65,2.74,5115,2.73627,1534
2024-10-21 00:00:00,2.81,2.81,2.68,2.72,5449,2.75443,1584
2024-10-22 00:00:00,2.76,2.77,2.56,2.61,6363,2.63913,1404
2024-10-23 00:00:00,2.55,2.58,2.46,2.53,5233,2.50645,1123
2024-10-24 00:00:00,2.55,2.56,2.42,2.49,4513,2.46839,1055
2024-10-25 00:00:00,2.48,2.5,2.39,2.41,3766,2.42448,915
2024-10-28 00:00:00,2.39,2.39,2.23,2.25,9092,2.28054,1889
2024-10-29 00:00:00,2.25,2.36,2.23,2.34,8060,2.31183,2023
2024-10-30 00:00:00,2.35,2.36,2.26,2.28,3962,2.29193,940
2024-10-31 00:00:00,2.26,2.29,2.18,2.25,5346,2.21575,1440
2024-11-01 00:00:00,2.29,2.31,2.2,2.24,2641,2.24063,650
2024-11-04 00:00:00,2.27,2.3,2.23,2.25,2893,2.26104,814
2024-11-05 00:00:00,2.26,2.28,2.21,2.23,1806,2.23868,442
2024-11-06 00:00:00,2.18,2.19,2.08,2.12,6847,2.13852,1831
2024-11-07 00:00:00,2.21,2.38,2.12,2.37,7773,2.25537,2534
2024-11-08 00:00:00,2.36,2.38,2.13,2.2,4995,2.20041,1685
2024-11-11 00:00:00,2.13,2.13,2.03,2.07,4582,2.06408,928
2024-11-12 00:00:00,2.01,2.03,1.91,1.97,8356,1.94968,1831
2024-11-13 00:00:00,1.93,1.9984,1.845,1.86,6021,1.90121,1321
2024-11-14 00:00:00,1.85,1.94,1.83,1.89,5069,1.88034,1696
2024-11-15 00:00:00,1.88,1.92,1.85,1.86,4486,1.88245,1380
2024-11-18 00:00:00,1.86,1.965,1.84,1.85,4727,1.89636,1213
2024-11-19 00:00:00,1.86,1.88,1.76,1.78,6755,1.80076,1702
2024-11-20 00:00:00,1.75,1.75,1.59,1.65,15179,1.63568,4234
2024-11-21 00:00:00,1.65,1.675,1.51,1.62,12187,1.56236,2884
2024-11-22 00:00:00,1.64,1.68,1.6,1.64,4859,1.63174,1514
2024-11-25 00:00:00,1.6,1.65,1.57,1.65,5738,1.60334,1765
2024-11-26 00:00:00,1.65,1.72,1.6144,1.66,4160,1.67854,1091
2024-11-27 00:00:00,1.66,1.8,1.66,1.77,5441,1.75782,1176
2024-11-29 00:00:00,1.79,1.879,1.78,1.81,4132,1.83355,826
2024-12-02 00:00:00,1.83,1.88,1.72,1.75,3222,1.765,748
2024-12-03 00:00:00,1.76,1.865,1.74,1.76,5334,1.8019,1309
2024-12-04 00:00:00,1.8,1.8,1.73,1.75,3207,1.75815,656
2024-12-05 00:00:00,1.75,1.77,1.68,1.7,3392,1.71422,751
2024-12-06 00:00:00,1.7,1.7,1.62,1.64,2445,1.64048,446
2024-12-09 00:00:00,1.69,1.7989,1.665,1.74,6062,1.76319,1306
2024-12-10 00:00:00,1.77,1.79,1.705,1.72,2978,1.7415,615
2024-12-11 00:00:00,1.7,1.79,1.7,1.77,2814,1.7558,552
2024-12-12 00:00:00,1.77,1.77,1.66,1.67,5342,1.68831,954
2024-12-13 00:00:00,1.64,1.71,1.595,1.62,5352,1.6225,1162
2024-12-16 00:00:00,1.61,1.639,1.57,1.61,2994,1.60085,1038
2024-12-17 00:00:00,1.59,1.61,1.562,1.58,2731,1.58716,747
2024-12-18 00:00:00,1.58,1.64,1.52,1.54,5916,1.56705,1213
2024-12-19 00:00:00,1.54,1.605,1.54,1.56,4250,1.57496,1041
2024-12-20 00:00:00,1.59,1.7,1.59,1.63,5893,1.65898,1179
2024-12-23 00:00:00,1.65,1.65,1.55,1.6,3575,1.58362,843
2024-12-24 00:00:00,1.58,1.66,1.57,1.61,2151,1.62689,539
2024-12-26 00:00:00,1.64,1.71,1.62,1.69,2800,1.68341,722
2024-12-27 00:00:00,1.68,1.75,1.62,1.75,3376,1.69568,753
2024-12-30 00:00:00,1.72,1.75,1.66,1.68,3838,1.69834,919
2024-12-31 00:00:00,1.7,1.82,1.7,1.82,4780,1.77082,1026
2025-01-02 00:00:00,1.85,1.959,1.85,1.93,3747,1.92153,1190
2025-01-03 00:00:00,1.95,1.97,1.85,1.87,3474,1.8783,909
2025-01-06 00:00:00,1.87,1.895,1.81,1.82,2225,1.83181,491
2025-01-07 00:00:00,1.88,1.93,1.78,1.82,2861,1.84752,936
2025-01-08 00:00:00,1.85,1.905,1.77,1.89,3545,1.84633,819
2025-01-10 00:00:00,1.93,1.965,1.8467,1.86,3975,1.88814,1036
2025-01-13 00:00:00,1.84,1.8499,1.745,1.78,3154,1.77133,691
2025-01-14 00:00:00,1.78,1.8,1.715,1.78,3004,1.757,760
2025-01-15 00:00:00,1.75,1.75,1.69,1.72,3372,1.71633,731
2025-01-16 00:00:00,1.73,1.759,1.715,1.73,1774,1.73797,696
2025-01-17 00:00:00,1.71,1.725,1.682,1.71,1927,1.70388,400
2025-01-21 00:00:00,1.72,1.82,1.72,1.77,3514,1.78005,922
2025-01-22 00:00:00,1.79,1.83,1.75,1.77,3116,1.7923,1448
2025-01-23 00:00:00,1.75,1.75,1.675,1.73,2193,1.71092,819
2025-01-24 00:00:00,1.77,1.805,1.74,1.79,3375,1.77524,995
2025-01-27 00:00:00,1.8,1.8,1.6701,1.72,3351,1.70825,699
2025-01-28 00:00:00,1.72,1.7399,1.67,1.7,2550,1.69231,796
2025-01-29 00:00:00,1.68,1.695,1.61,1.63,3568,1.64472,1196
2025-01-30 00:00:00,1.64,1.795,1.64,1.76,7030,1.73715,1712
2025-01-31 00:00:00,1.78,1.78,1.67,1.69,3389,1.71682,850
2025-02-03 00:00:00,1.69,1.7,1.61,1.66,3320,1.66839,898
2025-02-04 00:00:00,1.7,1.75,1.66,1.75,2651,1.70921,612
2025-02-05 00:00:00,1.75,1.83,1.75,1.8,6561,1.79559,1505
2025-02-06 00:00:00,1.8,1.8,1.6701,1.69,6543,1.70415,1593
2025-02-07 00:00:00,1.7,1.75,1.67,1.73,8402,1.70854,2153
2025-02-10 00:00:00,1.77,1.82,1.7367,1.82,11276,1.78033,2516
2025-02-11 00:00:00,1.87,1.88,1.76,1.87,10333,1.8171,3029
2025-02-12 00:00:00,1.87,1.92,1.8116,1.87,4481,1.86573,1166
2025-02-13 00:00:00,1.86,1.9099,1.82,1.85,6773,1.86272,1522
2025-02-14 00:00:00,1.87,1.878,1.715,1.73,4352,1.76358,1137
2025-02-18 00:00:00,1.76,1.86,1.71,1.83,6395,1.80398,1531
2025-02-19 00:00:00,1.82,1.83,1.77,1.8,2704,1.79596,788
2025-02-20 00:00:00,1.83,1.94,1.813,1.9,6242,1.88171,1723
2025-02-21 00:00:00,1.92,1.92,1.79,1.81,6556,1.83353,1679
2025-02-24 00:00:00,1.83,1.85,1.77,1.79,4495,1.80477,1143
2025-02-25 00:00:00,1.77,1.895,1.75,1.84,6858,1.83037,1940
2025-02-26 00:00:00,1.83,2.0,1.82,1.93,9653,1.92858,1997
2025-02-27 00:00:00,1.9,1.92,1.82,1.83,4294,1.84845,912
2025-02-28 00:00:00,1.85,1.86,1.76,1.86,5613,1.81253,1212
2025-03-03 00:00:00,1.91,1.9444,1.705,1.73,11299,1.81008,2185
2025-03-04 00:00:00,1.77,1.77,1.63,1.68,8903,1.66539,2455
2025-03-05 00:00:00,1.66,1.77,1.645,1.77,6405,1.71318,1750
2025-03-06 00:00:00,1.75,1.81,1.745,1.81,5553,1.77838,1949
2025-03-06 08:00:00,1.75,1.75,1.72,1.72,5,1.7305,2
2025-03-06 09:00:00,1.75,1.78,1.745,1.77,611,1.76579,176
2025-03-06 10:00:00,1.7701,1.79,1.75,1.77,814,1.76652,248
2025-03-06 11:00:00,1.775,1.81,1.77,1.79,720,1.78804,217
2025-03-06 12:00:00,1.785,1.79,1.77,1.785,437,1.78016,186
2025-03-06 13:00:00,1.785,1.8,1.77,1.775,321,1.78701,154
2025-03-06 14:00:00,1.775,1.789,1.76,1.76,576,1.77399,199
2025-03-06 15:00:00,1.76,1.8,1.76,1.79,2071,1.78291,769
2025-03-06 16:00:00,1.81,1.81,1.74,1.74,31,1.7959,4
2025-03-06 17:00:00,1.74,1.74,1.74,1.74,0,1.74,0
2025-03-06 18:00:00,1.74,1.74,1.74,1.74,0,1.74,0
2025-03-06 19:00:00,1.78,1.78,1.78,1.78,2,1.78,1
2025-03-07 00:00:00,1.8,1.805,1.71,1.74,6187,1.75384,2130
2025-03-07 07:00:00,1.82,1.82,1.82,1.82,25,1.82,2
2025-03-07 08:00:00,1.81,1.82,1.81,1.82,69,1.81393,7
2025-03-07 09:00:00,1.82,1.82,1.76,1.785,1406,1.78316,373
2025-03-07 10:00:00,1.78,1.805,1.745,1.745,1159,1.77708,378
2025-03-07 11:00:00,1.745,1.75,1.71,1.715,476,1.72845,191
2025-03-07 12:00:00,1.72,1.74,1.71,1.725,714,1.72134,159
2025-03-07 13:00:00,1.73,1.75,1.73,1.74,686,1.73824,296
2025-03-07 14:00:00,1.75,1.75,1.74,1.745,596,1.74615,295
2025-03-07 15:00:00,1.745,1.76,1.73,1.74,1236,1.74451,441
2025-03-07 16:00:00,1.74,1.74,1.74,1.74,17,1.74,1
2025-03-07 17:00:00,1.74,1.74,1.74,1.74,0,1.74,0
2025-03-07 18:00:00,1.74,1.74,1.74,1.74,0,1.74,0
2025-03-07 19:00:00,1.74,1.74,1.74,1.74,0,1.74,0
2025-03-10 00:00:00,1.73,1.75,1.63,1.65,6471,1.66315,1292
2025-03-10 06:00:00,1.74,1.74,1.74,1.74,3,1.74,1
2025-03-10 07:00:00,1.74,1.74,1.74,1.74,0,1.74,0
2025-03-10 08:00:00,1.73,1.75,1.703,1.703,726,1.71637,178
2025-03-10 09:00:00,1.7,1.715,1.6816,1.6816,476,1.69803,125
2025-03-10 10:00:00,1.685,1.705,1.6812,1.695,585,1.6945,101
2025-03-10 11:00:00,1.695,1.695,1.67,1.67,713,1.68011,175
2025-03-10 12:00:00,1.675,1.675,1.64,1.64,816,1.65693,230
2025-03-10 13:00:00,1.6401,1.65,1.63,1.635,1123,1.63858,156
2025-03-10 14:00:00,1.635,1.65,1.63,1.65,2030,1.63704,327
2025-03-10 15:00:00,1.65,1.65,1.63,1.63,38,1.64875,2
2025-03-10 16:00:00,1.63,1.63,1.63,1.63,0,1.63,0
2025-03-10 17:00:00,1.66,1.66,1.66,1.66,1,1.66,1
2025-03-10 18:00:00,1.66,1.66,1.66,1.66,0,1.66,0
2025-03-11 00:00:00,1.67,1.75,1.67,1.75,4351,1.71727,1506
2025-03-11 07:00:00,1.7,1.7,1.7,1.7,5,1.7,1
2025-03-11 08:00:00,1.67,1.74,1.67,1.68,377,1.70931,121
2025-03-11 09:00:00,1.71,1.73,1.69,1.715,1231,1.70772,446
2025-03-11 10:00:00,1.71,1.725,1.7,1.715,699,1.71057,191
2025-03-11 11:00:00,1.71,1.715,1.69,1.705,415,1.70115,157
2025-03-11 12:00:00,1.7,1.72,1.7,1.71,223,1.70886,133
2025-03-11 13:00:00,1.71,1.74,1.71,1.73,470,1.72572,141
2025-03-11 14:00:00,1.73,1.75,1.73,1.74,932,1.74302,317
2025-03-11 15:00:00,1.75,1.75,1.75,1.75,21,1.75,2
2025-03-11 16:00:00,1.75,1.75,1.75,1.75,0,1.75,0
2025-03-11 17:00:00,1.75,1.75,1.75,1.75,0,1.75,0
2025-03-11 18:00:00,1.75,1.75,1.75,1.75,0,1.75,0
2025-03-12 00:00:00,1.74,1.775,1.73,1.75,5990,1.74769,1036
2025-03-12 08:00:00,1.74,1.775,1.73,1.77,529,1.75212,109
2025-03-12 09:00:00,1.768,1.775,1.755,1.759,453,1.76598,102
2025-03-12 10:00:00,1.76,1.77,1.75,1.755,541,1.75707,113
2025-03-12 11:00:00,1.755,1.76,1.745,1.752,1183,1.75391,180
2025-03-12 12:00:00,1.75,1.75,1.73,1.73,594,1.74538,118
2025-03-12 13:00:00,1.74,1.75,1.73,1.74,743,1.73761,124
2025-03-12 14:00:00,1.745,1.75,1.73,1.75,1943,1.74038,290
2025-03-12 15:00:00,1.75,1.75,1.75,1.75,30,1.75,1
2025-03-12 16:00:00,1.75,1.75,1.75,1.75,0,1.75,0
2025-03-12 17:00:00,1.75,1.75,1.75,1.75,0,1.75,0
2025-03-12 18:00:00,1.75,1.75,1.75,1.75,0,1.75,0
2025-03-13 00:00:00,1.76,1.86,1.74,1.83,10710,1.82265,2420
2025-03-13 08:00:00,1.76,1.79,1.74,1.7699,184,1.77267,62
2025-03-13 09:00:00,1.765,1.855,1.76,1.84,1537,1.81506,339
2025-03-13 10:00:00,1.845,1.86,1.83,1.835,1939,1.84512,360
2025-03-13 11:00:00,1.835,1.85,1.795,1.8,2018,1.82221,495
2025-03-13 12:00:00,1.8,1.81,1.78,1.785,629,1.78944,216
2025-03-13 13:00:00,1.785,1.84,1.78,1.83,1005,1.81358,223
2025-03-13 14:00:00,1.83,1.84,1.805,1.825,3395,1.82509,725
2025-03-13 15:00:00,1.83,1.85,1.83,1.84,27,1.8378,3
2025-03-13 16:00:00,1.84,1.84,1.84,1.84,20,1.84,2
2025-03-13 17:00:00,1.84,1.84,1.84,1.84,0,1.84,0
2025-03-13 18:00:00,1.84,1.84,1.84,1.84,0,1.84,0
2025-03-14 00:00:00,1.87,1.87,1.7715,1.83,5566,1.80668,1142
2025-03-14 08:00:00,1.87,1.87,1.81,1.815,1063,1.8352,219
2025-03-14 09:00:00,1.81,1.83,1.79,1.8289,1040,1.81335,213
2025-03-14 10:00:00,1.825,1.825,1.79,1.798,685,1.80713,134
2025-03-14 11:00:00,1.79,1.8,1.78,1.795,452,1.78923,110
2025-03-14 12:00:00,1.795,1.8,1.78,1.785,481,1.78992,117
2025-03-14 13:00:00,1.785,1.8,1.7715,1.79,814,1.78441,137
2025-03-14 14:00:00,1.795,1.82,1.79,1.815,1028,1.80331,212
2025-03-14 15:00:00,1.83,1.83,1.83,1.83,47,1.83,1
2025-03-14 16:00:00,1.83,1.83,1.83,1.83,0,1.83,0
2025-03-14 17:00:00,1.8,1.8,1.8,1.8,1,1.8,1
2025-03-14 18:00:00,1.8,1.8,1.8,1.8,0,1.8,0
2025-03-17 00:00:00,1.85,1.85,1.8,1.83,5431,1.82166,1125
2025-03-17 07:00:00,1.75,1.75,1.75,1.75,5,1.75,1
2025-03-17 08:00:00,1.85,1.85,1.8,1.83,890,1.83191,262
2025-03-17 09:00:00,1.8396,1.84,1.805,1.81,2033,1.82478,288
2025-03-17 10:00:00,1.8,1.83,1.8,1.825,763,1.81179,176
2025-03-17 11:00:00,1.82,1.82,1.805,1.81,311,1.81382,65
2025-03-17 12:00:00,1.8049,1.8161,1.8049,1.811,97,1.80941,28
2025-03-17 13:00:00,1.8199,1.83,1.815,1.821,520,1.82182,43
2025-03-17 14:00:00,1.83,1.83,1.81,1.8175,815,1.81627,263
2025-03-17 15:00:00,1.83,1.83,1.83,1.83,45,1.83,2
2025-03-17 16:00:00,1.83,1.83,1.83,1.83,0,1.83,0
2025-03-17 17:00:00,1.88,1.88,1.88,1.88,13,1.88,1
2025-03-17 18:00:00,1.88,1.88,1.88,1.88,0,1.88,0
2025-03-18 00:00:00,1.86,1.88,1.78,1.81,10435,1.84047,1906
2025-03-18 08:00:00,1.86,1.86,1.82,1.82,1356,1.84285,223
2025-03-18 09:00:00,1.825,1.84,1.8092,1.83,1675,1.82975,278
2025-03-18 10:00:00,1.83,1.88,1.825,1.865,2223,1.86641,297
2025-03-18 11:00:00,1.865,1.87,1.85,1.855,1122,1.86248,236
2025-03-18 12:00:00,1.855,1.86,1.835,1.84,963,1.84513,217
2025-03-18 13:00:00,1.835,1.855,1.825,1.825,1204,1.84414,204
2025-03-18 14:00:00,1.825,1.8299,1.78,1.79,1889,1.79995,451
2025-03-18 15:00:00,1.81,1.84,1.8098,1.84,55,1.81053,3
2025-03-18 16:00:00,1.802,1.802,1.802,1.802,2,1.802,1
2025-03-18 17:00:00,1.802,1.802,1.802,1.802,0,1.802,0
2025-03-18 18:00:00,1.802,1.802,1.802,1.802,0,1.802,0
2025-03-19 00:00:00,1.82,1.82,1.72,1.76,7030,1.7587,1918
2025-03-19 07:00:00,1.8009,1.8009,1.8009,1.8009,2,1.8009,1
2025-03-19 08:00:00,1.87,1.87,1.75,1.79,1536,1.78151,351
2025-03-19 09:00:00,1.78,1.79,1.7745,1.775,420,1.78024,95
2025-03-19 10:00:00,1.775,1.79,1.7735,1.78,323,1.77861,100
2025-03-19 11:00:00,1.785,1.79,1.76,1.77,670,1.77694,220
2025-03-19 12:00:00,1.76,1.77,1.72,1.735,1414,1.74232,418
2025-03-19 13:00:00,1.73,1.76,1.73,1.745,1574,1.74503,474
2025-03-19 14:00:00,1.745,1.75,1.73,1.75,1091,1.74222,261
2025-03-19 15:00:00,1.76,1.76,1.76,1.76,44,1.76,1
2025-03-19 16:00:00,1.76,1.76,1.76,1.76,0,1.76,0
2025-03-19 17:00:00,1.76,1.76,1.76,1.76,0,1.76,0
2025-03-19 18:00:00,1.76,1.76,1.76,1.76,0,1.76,0
2025-03-20 00:00:00,1.73,1.73,1.7,1.73,4486,1.71447,949
2025-03-20 08:00:00,1.73,1.73,1.7,1.705,1319,1.71087,209
2025-03-20 09:00:00,1.7094,1.72,1.7035,1.71,377,1.71193,85
2025-03-20 10:00:00,1.72,1.725,1.71,1.71,825,1.71823,136
2025-03-20 11:00:00,1.715,1.72,1.705,1.71,962,1.71264,157
2025-03-20 12:00:00,1.72,1.72,1.71,1.71,59,1.7133,44
2025-03-20 13:00:00,1.71,1.72,1.71,1.715,392,1.71433,108
2025-03-20 14:00:00,1.7199,1.73,1.715,1.725,549,1.72269,210
2025-03-20 15:00:00,1.73,1.73,1.73,1.73,18,1.73,1
2025-03-20 16:00:00,1.73,1.73,1.73,1.73,0,1.73,0
2025-03-20 17:00:00,1.73,1.73,1.73,1.73,0,1.73,0
2025-03-20 18:00:00,1.73,1.73,1.73,1.73,0,1.73,0
2025-03-21 00:00:00,1.7,1.7267,1.67,1.69,10755,1.6964,1625
2025-03-21 07:00:00,1.75,1.75,1.75,1.75,1,1.75,1
2025-03-21 08:00:00,1.75,1.75,1.67,1.69,3027,1.69028,278
2025-03-21 09:00:00,1.69,1.71,1.685,1.705,2676,1.69646,325
2025-03-21 10:00:00,1.705,1.7052,1.69,1.69,1083,1.69881,149
2025-03-21 11:00:00,1.695,1.705,1.695,1.695,414,1.69856,133
2025-03-21 12:00:00,1.695,1.71,1.69,1.7,688,1.69847,140
2025-03-21 13:00:00,1.6949,1.7099,1.6949,1.7,335,1.70094,124
2025-03-21 14:00:00,1.7,1.725,1.69,1.705,2599,1.70241,480
2025-03-21 15:00:00,1.69,1.69,1.69,1.69,159,1.69,1
2025-03-21 16:00:00,1.69,1.69,1.69,1.69,0,1.69,0
2025-03-21 17:00:00,1.69,1.69,1.69,1.69,0,1.69,0
2025-03-21 18:00:00,1.69,1.69,1.69,1.69,0,1.69,0
2025-03-24 00:00:00,1.69,1.74,1.56,1.59,8285,1.61154,1357
2025-03-24 07:00:00,1.68,1.68,1.68,1.68,71,1.68,2
2025-03-24 08:00:00,1.69,1.74,1.68,1.7,508,1.7124,59
2025-03-24 09:00:00,1.69,1.7,1.635,1.64,635,1.66761,151
2025-03-24 10:00:00,1.635,1.65,1.63,1.64,818,1.63832,125
2025-03-24 11:00:00,1.64,1.6412,1.62,1.63,1084,1.6314,142
2025-03-24 12:00:00,1.63,1.6352,1.62,1.62,396,1.62666,93
2025-03-24 13:00:00,1.6201,1.63,1.565,1.5801,2694,1.59626,384
2025-03-24 14:00:00,1.58,1.5888,1.56,1.57,2147,1.56724,403
2025-03-24 15:00:00,1.59,1.5901,1.59,1.59,60,1.59,5
2025-03-24 16:00:00,1.59,1.59,1.59,1.59,0,1.59,0
2025-03-24 17:00:00,1.58,1.5807,1.58,1.5807,13,1.58018,3
2025-03-24 18:00:00,1.58,1.5993,1.5,1.5,634,1.55488,40
2025-03-25 00:00:00,1.19,1.28,1.08,1.12,65522,1.1553,7371
2025-03-25 03:00:00,1.48,1.48,1.4,1.4,16,1.44225,6
2025-03-25 04:00:00,1.52,1.52,1.5,1.52,10,1.50582,3
2025-03-25 05:00:00,1.52,1.52,1.52,1.52,0,1.52,0
2025-03-25 06:00:00,1.53,1.54,1.405,1.42,166,1.48841,40
2025-03-25 07:00:00,1.5,1.5,1.3,1.3293,1773,1.38491,403
2025-03-25 08:00:00,1.3297,1.35,1.09,1.195,16170,1.20589,1968
2025-03-25 09:00:00,1.195,1.21,1.13,1.1434,14484,1.16598,1720
2025-03-25 10:00:00,1.14,1.14,1.08,1.13,12198,1.10901,1182
2025-03-25 11:00:00,1.1265,1.15,1.11,1.145,4539,1.13003,634
2025-03-25 12:00:00,1.1401,1.17,1.12,1.135,5849,1.14696,543
2025-03-25 13:00:00,1.135,1.18,1.1311,1.165,5651,1.15861,481
2025-03-25 14:00:00,1.165,1.17,1.12,1.125,7906,1.14161,1106
2025-03-25 15:00:00,1.12,1.15,1.115,1.1199,285,1.12013,25
2025-03-25 16:00:00,1.11,1.18,1.1,1.1,120,1.11936,17
2025-03-25 17:00:00,1.17,1.17,1.13,1.14,224,1.16272,9
2025-03-25 18:00:00,1.14,1.15,1.13,1.1499,143,1.13937,27
2025-03-26 00:00:00,1.11,1.1292,1.02,1.04,29057,1.05613,3277
2025-03-26 03:00:00,1.155,1.2,1.155,1.2,44,1.17785,10
2025-03-26 04:00:00,1.2,1.2,1.2,1.2,0,1.2,0
2025-03-26 05:00:00,1.2,1.2,1.2,1.2,0,1.2,0
2025-03-26 06:00:00,1.18,1.18,1.11,1.12,361,1.1267,67
2025-03-26 07:00:00,1.13,1.1499,1.11,1.14,702,1.12264,67
2025-03-26 08:00:00,1.14,1.14,1.05,1.0556,6017,1.09606,570
2025-03-26 09:00:00,1.055,1.07,1.02,1.0201,6707,1.03659,615
2025-03-26 10:00:00,1.0299,1.07,1.02,1.0466,3872,1.0473,471
2025-03-26 11:00:00,1.0499,1.07,1.04,1.0501,3936,1.05722,588
2025-03-26 12:00:00,1.05,1.08,1.05,1.0751,2507,1.05788,350
2025-03-26 13:00:00,1.0749,1.08,1.04,1.045,3000,1.05691,272
2025-03-26 14:00:00,1.045,1.06,1.02,1.025,3178,1.03275,451
2025-03-26 15:00:00,1.04,1.04,1.03,1.04,210,1.03961,5
2025-03-26 16:00:00,1.0595,1.0595,1.0306,1.0306,32,1.04494,2
2025-03-26 17:00:00,1.04,1.04,1.0305,1.0305,6,1.03208,2
2025-03-26 18:00:00,1.04,1.06,1.04,1.06,15,1.05208,6
2025-03-27 00:00:00,1.06,1.15,0.9631,1.15,25703,1.04299,4054
2025-03-27 03:00:00,1.03,1.03,1.0,1.03,20,1.02384,5
2025-03-27 04:00:00,1.03,1.03,1.03,1.03,0,1.03,0
2025-03-27 05:00:00,1.06,1.06,1.06,1.06,5,1.06,1
2025-03-27 06:00:00,1.06,1.06,1.02,1.04,25,1.03503,7
2025-03-27 07:00:00,1.0303,1.0604,1.03,1.03,30,1.03692,4
2025-03-27 08:00:00,1.0301,1.06,0.9631,0.97,5462,0.99075,871
2025-03-27 09:00:00,0.974,1.015,0.974,0.989,3843,0.9963,630
2025-03-27 10:00:00,0.989,1.03,0.9816,1.015,2362,1.00424,453
2025-03-27 11:00:00,1.011,1.06,1.011,1.045,2721,1.03339,321
2025-03-27 12:00:00,1.0401,1.0799,1.0401,1.0591,2378,1.06057,465
2025-03-27 13:00:00,1.06,1.08,1.05,1.07,2718,1.06355,301
2025-03-27 14:00:00,1.075,1.15,1.07,1.15,6256,1.12045,1029
